k,silhouette_score,davies_bouldin_score,calinski_harabasz_score,inertia,inertia_improvement,inertia_improvement_pct,elbow_plausible,selected_as_final
2,0.5806190129893907,0.6479042484170462,928.896121278798,9301.445815089066,,,False,False
3,0.6077021474704205,0.5791955927801921,1149.9378170531816,5945.775763207827,3355.6700518812386,36.07686502282878,False,False
4,0.6792259983145063,0.6828324048531283,1368.9058884668698,4028.385761890208,1917.3900013176194,32.24793664743188,True,False
5,0.694294609140172,0.3824602948468109,1879.4567507115737,2503.3747035593697,1525.0110583308383,37.85662914306571,True,True
6,0.6897752695574444,0.3288245886440023,2403.2532807989724,1669.2197789998206,834.154924559549,33.32121729014533,True,False
7,0.6457560598406583,0.393790794263265,2497.9880253157885,1367.523853815223,301.6959251845976,18.074068434857075,False,False
8,0.5559591271344179,0.5998165174449265,2693.4128352737166,1107.069527154567,260.4543266606561,19.04568801004974,False,False
9,0.5792394774873472,0.5659997116907811,2950.353054196197,897.045997496461,210.02352965810587,18.97112371956588,False,False
10,0.5841040771713027,0.5453437396964429,3416.7696258177043,697.7547972654977,199.29120023096334,22.216385869527226,False,False
